Kingdom,DNAtype,SpeciesID,Ncodons,SpeciesName,UUU,UUC,UUA,UUG,CUU,CUC,CUA,CUG,AUU,AUC,AUA,AUG,GUU,GUC,GUA,GUG,GCU,GCC,GCA,GCG,CCU,CCC,CCA,CCG,UGG,GGU,GGC,GGA,GGG,UCU,UCC,UCA,UCG,AGU,AGC,ACU,ACC,ACA,ACG,UAU,UAC,CAA,CAG,AAU,AAC,UGU,UGC,CAU,CAC,AAA,AAG,CGU,CGC,CGA,CGG,AGA,AGG,GAU,GAC,GAA,GAG,UAA,UAG,UGA
vrl,0,100217,1995,Epizootic haematopoietic necrosis virus,0.01654,0.01203,5.00E-04,0.00351,0.01203,0.03208,0.001,0.0401,0.00551,0.02005,0.00752,0.02506,0.01103,0.0411,0.00902,0.03308,0.01003,0.05013,0.01554,0.01103,0.02356,0.03208,0.01203,0.00501,0.01003,0.01203,0.03158,0.01905,0.02456,0.01353,0.02155,0.00251,0.00652,0.0015,0.01554,0.00501,0.02105,0.00902,0.01053,0.00501,0.02256,0.00301,0.03108,0.00401,0.02607,0.00251,0.01153,0.00501,0.02356,0.01053,0.0386,0.00401,0.00702,0.00401,0.00451,0.01303,0.03559,0.01003,0.04612,0.01203,0.04361,0.00251,5.00E-04,0
vrl,0,100220,1474,Bohle iridovirus,0.02714,0.01357,0.00068,0.00678,0.00407,0.02849,0.00204,0.0441,0.01153,0.0251,0.00882,0.03324,0.00814,0.04071,0.00814,0.03256,0.01085,0.04885,0.01221,0.01357,0.00678,0.02714,0.01221,0.00407,0.01425,0.01221,0.01967,0.02239,0.01289,0.02103,0.01493,0.00407,0.00475,0.00068,0.02035,0.0095,0.02782,0.01425,0.00611,0.00475,0.02917,0.00407,0.02374,0.00882,0.02917,0.00271,0.01628,0.00204,0.01967,0.00543,0.03392,0.00136,0.00678,0.00136,0.00136,0.01696,0.03596,0.01221,0.04545,0.0156,0.0441,0.00271,0.00068,0
vrl,0,100755,4862,Sweet potato leaf curl virus,0.01974,0.0218,0.01357,0.01543,0.00782,0.01111,0.01028,0.01193,0.02283,0.01604,0.01316,0.0218,0.01625,0.01872,0.01213,0.0107,0.02406,0.01234,0.0144,0.00514,0.01604,0.0146,0.02098,0.0107,0.01728,0.01851,0.00864,0.01172,0.01892,0.01933,0.01419,0.01296,0.00967,0.01337,0.01337,0.01851,0.01131,0.01419,0.0109,0.02612,0.01275,0.01522,0.02365,0.02962,0.01789,0.01625,0.01234,0.01604,0.01687,0.02077,0.03949,0.00864,0.00596,0.00926,0.00596,0.01974,0.02489,0.03126,0.02036,0.02242,0.02468,0.00391,0,0.00144
vrl,0,100880,1915,Northern cereal mosaic virus,0.01775,0.02245,0.01619,0.00992,0.01567,0.01358,0.0094,0.01723,0.02402,0.02245,0.02507,0.02924,0.02089,0.02141,0.01723,0.01932,0.02141,0.00679,0.02245,0.00522,0.01358,0.00418,0.0141,0.00574,0.01201,0.00992,0.00366,0.02402,0.02663,0.02872,0.00992,0.0235,0.00522,0.01619,0.00836,0.02037,0.01358,0.02089,0.00731,0.02141,0.00888,0.01567,0.01253,0.02298,0.01358,0.00992,0.00888,0.00783,0.00679,0.03133,0.04282,0.00627,0.00261,0.00261,0.00366,0.0141,0.01671,0.0376,0.01932,0.03029,0.03446,0.00261,0.00157,0
vrl,0,100887,22831,Soil-borne cereal mosaic virus,0.02816,0.01371,0.00767,0.03679,0.0138,0.00548,0.00473,0.02076,0.02716,0.00867,0.0131,0.02773,0.02803,0.00508,0.0092,0.02965,0.02878,0.00574,0.01572,0.01577,0.01007,0.00508,0.00604,0.00679,0.01205,0.03127,0.00775,0.00959,0.00797,0.02006,0.00359,0.00933,0.01191,0.01616,0.00788,0.02593,0.00854,0.012,0.02098,0.02089,0.01367,0.01502,0.01809,0.02738,0.01796,0.01082,0.00705,0.01174,0.00858,0.03408,0.03964,0.0095,0.00429,0.00578,0.00604,0.01494,0.01734,0.04148,0.02483,0.03359,0.03679,0,0.00044,0.00131
vrl,0,101029,5274,Human adenovirus type 7d,0.02579,0.02218,0.01479,0.01024,0.02294,0.00758,0.01782,0.01403,0.02636,0.01327,0.01896,0.02579,0.01877,0.01346,0.00721,0.01782,0.02067,0.02313,0.01214,0.00265,0.01232,0.01953,0.02105,0.00322,0.01232,0.01631,0.01327,0.0256,0.01119,0.0201,0.01763,0.00986,0.0036,0.00929,0.01138,0.03527,0.03015,0.02844,0.00284,0.01555,0.02825,0.01953,0.01251,0.03906,0.03546,0.01138,0.00948,0.00683,0.01043,0.03223,0.00986,0.00398,0.00853,0.00322,0.00303,0.01593,0.00171,0.02427,0.02503,0.02825,0.0127,0.00133,0.00038,0.00209
vrl,0,101688,3042,Apple latent spherical virus,0.04635,0.01545,0.02005,0.024,0.02761,0.01611,0.01052,0.00493,0.02597,0.00888,0.01512,0.02268,0.02893,0.00789,0.01151,0.01611,0.04011,0.01151,0.01118,0.00427,0.02794,0.01085,0.01216,0.00131,0.01216,0.02137,0.01052,0.01512,0.00986,0.03846,0.01085,0.01249,0.00066,0.01085,0.00427,0.02728,0.01381,0.01315,0.00427,0.02465,0.01151,0.02465,0.01085,0.03452,0.01348,0.01545,0.0069,0.01512,0.00756,0.02926,0.02696,0.00888,0.00625,0.0069,0.00329,0.01315,0.00822,0.04011,0.01183,0.02663,0.02663,0.00033,0.00033,0
vrl,0,101764,2801,Aconitum latent virus,0.02285,0.02678,0.01214,0.02321,0.01714,0.02213,0.00893,0.01928,0.01785,0.02356,0.01107,0.01999,0.01714,0.01142,0.00893,0.02499,0.03106,0.01357,0.01571,0.01321,0.01392,0.01107,0.01178,0.005,0.01142,0.01964,0.01714,0.01214,0.01464,0.01499,0.00536,0.00821,0.005,0.01678,0.01464,0.01535,0.01142,0.01607,0.01071,0.01142,0.02321,0.01856,0.01107,0.0282,0.01535,0.01142,0.01821,0.01071,0.01464,0.02785,0.02713,0.01499,0.01607,0.00714,0.00678,0.0125,0.01107,0.03534,0.01571,0.03642,0.02785,0.00107,0.00036,0.00071
vrl,0,101947,2897,Pseudorabies virus Ea,0.01105,0.02106,0.00035,0.00104,0.00035,0.04142,0.00069,0.05868,0.00104,0.01933,0.00173,0.01691,0,0.04004,0.00069,0.04522,0.00276,0.06973,0.00069,0.05212,0.00173,0.04764,0.00173,0.04177,0.01139,0.00242,0.04108,0.00621,0.02969,0.00449,0.01622,0.00035,0.02313,0.00035,0.02071,0.00104,0.02589,0,0.03176,0.00173,0.02485,0.00138,0.01622,0.00138,0.01519,0.00035,0.01968,0.00173,0.01933,0.00035,0.00897,0.00207,0.0535,0.00311,0.02658,0.00207,0.00311,0.00414,0.04556,0.00449,0.04867,0.00138,0.00035,0.00138
vrl,0,10249,61247,Vaccinia virus Copenhagen,0.03411,0.0143,0.02771,0.01869,0.01148,0.00651,0.0186,0.0073,0.03713,0.01915,0.03896,0.02856,0.02025,0.00878,0.02338,0.00916,0.01264,0.00671,0.01133,0.00718,0.01097,0.00423,0.01239,0.00624,0.00731,0.01246,0.00371,0.0202,0.00271,0.02527,0.01053,0.016,0.0089,0.01489,0.00612,0.02158,0.0086,0.02111,0.00913,0.03509,0.01623,0.01533,0.00622,0.0466,0.02077,0.01616,0.00503,0.01517,0.00625,0.04835,0.02222,0.00634,0.00248,0.00578,0.00167,0.0223,0.00411,0.04866,0.01559,0.03695,0.01412,0.0025,0.00077,0.00103
vrl,0,10253,55330,Vaccinia virus Tian Tan,0.03441,0.01431,0.0268,0.01916,0.01191,0.00625,0.01889,0.00716,0.03705,0.01901,0.03866,0.02856,0.02039,0.0088,0.02348,0.00889,0.01283,0.00672,0.0111,0.00728,0.01054,0.00425,0.01251,0.00578,0.00719,0.0124,0.00385,0.02035,0.00271,0.02523,0.01023,0.01565,0.00855,0.01484,0.00616,0.02232,0.00824,0.02106,0.00842,0.03564,0.015,0.01551,0.00627,0.04737,0.02035,0.01533,0.00488,0.01473,0.00607,0.04892,0.02254,0.0066,0.00244,0.00551,0.00174,0.02281,0.00416,0.04887,0.01587,0.03851,0.01455,0.0024,0.00087,0.00112
vrl,0,10254,57854,Vaccinia virus WR,0.03305,0.01317,0.02582,0.01846,0.01155,0.00603,0.01806,0.00683,0.03791,0.01855,0.03817,0.02814,0.02059,0.00814,0.02308,0.00942,0.01307,0.00664,0.01136,0.00714,0.01085,0.00425,0.01234,0.00622,0.00729,0.01296,0.00356,0.02078,0.00283,0.02377,0.00942,0.01481,0.00828,0.01462,0.00576,0.02233,0.00845,0.0215,0.00875,0.03654,0.01509,0.01597,0.00627,0.04803,0.0204,0.01583,0.00489,0.01473,0.00605,0.05083,0.02289,0.00641,0.00245,0.00593,0.00159,0.02278,0.00403,0.05108,0.01623,0.03974,0.01452,0.00233,0.00057,0.00086
vrl,0,10255,2720728,Variola virus,0.03354,0.01254,0.02725,0.01817,0.01245,0.00509,0.01821,0.00641,0.03814,0.01699,0.03831,0.02774,0.0207,0.00802,0.02388,0.00876,0.01284,0.00613,0.01173,0.00654,0.01079,0.0043,0.01284,0.00554,0.00683,0.01305,0.00337,0.02036,0.00283,0.02461,0.00876,0.01606,0.00728,0.01583,0.00554,0.02271,0.00846,0.02271,0.00852,0.03785,0.01509,0.01652,0.00616,0.04978,0.01994,0.01655,0.00461,0.01486,0.00578,0.05175,0.02289,0.00641,0.00217,0.00525,0.00152,0.02306,0.00378,0.05014,0.01553,0.03824,0.01462,0.00222,0.00053,0.00094
vrl,0,10256,3893,Raccoonpox virus,0.02749,0.01516,0.0244,0.01618,0.01027,0.00488,0.01952,0.00462,0.0429,0.01387,0.04033,0.02081,0.01875,0.00616,0.02312,0.00745,0.01284,0.00642,0.01361,0.00873,0.01105,0.0018,0.01387,0.00411,0.00565,0.01618,0.00411,0.02106,0.00205,0.03108,0.01053,0.01747,0.00822,0.02029,0.00051,0.03622,0.00796,0.03776,0.0149,0.03904,0.01336,0.02106,0.00565,0.03879,0.01464,0.01438,0.00488,0.01156,0.00334,0.04495,0.02106,0.00437,0.00077,0.00385,0.00283,0.02055,0.00205,0.05394,0.01336,0.04624,0.0149,0.00026,0.00103,0.00077
vrl,0,10263,185179,Fowlpox virus,0.03128,0.01199,0.03778,0.01192,0.01294,0.00415,0.01887,0.00521,0.0284,0.01134,0.05959,0.02582,0.01811,0.00405,0.02919,0.00592,0.01489,0.00489,0.00748,0.00687,0.0154,0.00455,0.00727,0.00483,0.00687,0.0157,0.00382,0.01692,0.00361,0.02624,0.00706,0.01337,0.00704,0.01806,0.0072,0.02172,0.00737,0.0189,0.00914,0.03753,0.01859,0.01415,0.00603,0.04794,0.02346,0.01643,0.00591,0.01365,0.00621,0.06085,0.02054,0.0055,0.00188,0.00284,0.00097,0.02347,0.0066,0.04921,0.01361,0.04648,0.00907,0.002,0.00079,5.00E-04
vrl,0,10266,3753,Sheeppox virus,0.05276,0.00666,0.0437,0.01652,0.01066,0.0024,0.01092,0.00346,0.04103,0.00986,0.05302,0.02478,0.02958,0.00213,0.02132,0.0048,0.00906,0.00346,0.01412,0.0032,0.00693,0.0016,0.00959,0.00187,0.00799,0.01172,0.00293,0.01945,0.00346,0.02212,0.00453,0.02744,0.00506,0.02425,0.00506,0.01759,0.00613,0.02611,0.00453,0.0413,0.00906,0.01572,0.0024,0.05942,0.01545,0.01865,0.00373,0.01439,0.00453,0.06981,0.01572,0.0024,0.00053,0.00213,0.00053,0.01918,0.00373,0.05596,0.01226,0.04849,0.00826,0.00266,8.00E-04,0.00107
vrl,0,10272,53090,Rabbit fibroma virus,0.02889,0.01874,0.02946,0.01972,0.00753,0.00836,0.01454,0.0113,0.02345,0.02309,0.03487,0.02405,0.01539,0.01262,0.0278,0.01914,0.00744,0.00925,0.00748,0.01394,0.01,0.01128,0.00499,0.0078,0.00769,0.01206,0.00358,0.01801,0.00789,0.01443,0.01569,0.00753,0.01486,0.01334,0.00539,0.01045,0.01192,0.01548,0.02933,0.02481,0.02997,0.013,0.00887,0.0265,0.03366,0.01752,0.0048,0.01213,0.01087,0.04762,0.0275,0.00996,0.00315,0.01002,0.00386,0.01211,0.00542,0.03168,0.02916,0.03534,0.01997,0.00232,0.00055,0.00043
vrl,0,10279,5184,Molluscum contagiosum virus,0.00926,0.03627,0.00077,0.00752,0.00675,0.03395,0.00907,0.06173,0.00772,0.0216,0.00193,0.01929,0.00424,0.02334,0.00502,0.05054,0.00637,0.03511,0.01157,0.04552,0.00617,0.01775,0.00212,0.01929,0.00791,0.00347,0.03356,0.00637,0.01157,0.00367,0.01254,0.00116,0.01582,0.00482,0.03164,0.00405,0.01833,0.00482,0.02122,0.00405,0.03627,0.00328,0.02103,0.00559,0.03183,0.00231,0.0189,0.00328,0.02392,0.00502,0.02566,0.00579,0.06366,0.00328,0.00829,0.00135,0.00174,0.00617,0.04225,0.011,0.04861,0.00096,0.00096,0.00096
vrl,0,10280,65731,Molluscum contagiosum virus subtype 1,0.00939,0.03139,0.00175,0.01004,0.00797,0.02913,0.00724,0.05348,0.00583,0.02338,0.00173,0.02214,0.00567,0.02069,0.0058,0.0445,0.00857,0.02964,0.01389,0.05484,0.00706,0.02039,0.00522,0.02162,0.00765,0.00438,0.03084,0.00796,0.01287,0.00546,0.01468,0.00233,0.0169,0.00507,0.02646,0.00499,0.01424,0.00618,0.02369,0.00377,0.02851,0.00685,0.02492,0.00406,0.02589,0.00508,0.02182,0.00408,0.0232,0.00519,0.025,0.00714,0.05722,0.00539,0.01085,0.00275,0.00441,0.00595,0.04088,0.01194,0.04695,0.00079,0.00122,0.00113
vrl,0,10288,2143,Choristoneura biennis entomopoxvirus 'L',0.042,0.007,0.05693,0.00513,0.00653,0,0.00467,0.0014,0.0434,0.00653,0.07233,0.021,0.01353,0.00233,0.0182,0.00373,0.01447,0.00233,0.01073,0.0028,0.01027,0.0042,0.01073,0.0042,0.00653,0.01493,0.00373,0.01353,0.00047,0.01913,0.00373,0.01493,0.00467,0.0168,0.0042,0.01727,0.00327,0.02706,0.0014,0.07046,0.00607,0.01773,0.00233,0.09846,0.0112,0.0196,0.0014,0.0098,0.00187,0.08866,0.00513,0.0014,0.00047,0.0014,0,0.02566,0.00093,0.05553,0.00793,0.05273,0.00327,0.0014,0.00047,0
vrl,0,10290,4052,Heliothis armigera entomopoxvirus 'L',0.03233,0.01086,0.05503,0.01111,0.00444,0.00123,0.00814,0.00099,0.03406,0.00691,0.06663,0.01456,0.01604,0.00247,0.02567,0.0042,0.0116,0.00518,0.0116,0.00222,0.01061,0.00642,0.01111,0.00444,0.00666,0.01086,0.00197,0.02147,0.00271,0.02147,0.00543,0.01431,0.0074,0.01283,0.00469,0.01579,0.00346,0.02098,0.00346,0.05553,0.0116,0.01703,0.0037,0.09378,0.01259,0.01703,0.00518,0.01752,0.00346,0.08416,0.00617,0.00197,0.00049,0.00197,0,0.02739,0.00346,0.06022,0.00864,0.04788,0.00568,0.00247,0,0.00074
vrl,0,10295,12745,Bovine herpesvirus 2,0.01499,0.0215,0.0022,0.008,0.00651,0.02456,0.01146,0.04056,0.00392,0.01812,0.0142,0.02322,0.00871,0.01969,0.00902,0.03852,0.01012,0.04551,0.01459,0.04896,0.00651,0.02746,0.01232,0.02173,0.01059,0.01177,0.02479,0.01177,0.02205,0.00628,0.01687,0.00636,0.01687,0.0033,0.01946,0.00471,0.02283,0.00855,0.02111,0.00479,0.02495,0.00557,0.02377,0.00424,0.02464,0.00502,0.0142,0.00463,0.02056,0.00604,0.01758,0.00643,0.03264,0.00745,0.0171,0.00322,0.01255,0.01248,0.04143,0.01153,0.0375,0.00094,0.00039,0.00063
vrl,0,10298,355849,Human herpesvirus 1,0.01504,0.01401,0.00234,0.0112,0.00959,0.01916,0.00437,0.04699,0.00923,0.02115,0.00417,0.0195,0.01063,0.0254,0.00712,0.02872,0.00599,0.06128,0.00723,0.03521,0.00694,0.053,0.01141,0.026,0.01148,0.00796,0.02906,0.00793,0.03621,0.00432,0.01897,0.00225,0.01592,0.00336,0.01828,0.00381,0.04191,0.00699,0.02283,0.00526,0.0209,0.00759,0.02309,0.00267,0.01909,0.00683,0.01089,0.00886,0.0192,0.00578,0.01159,0.00872,0.03475,0.00683,0.01953,0.00176,0.00328,0.00731,0.03901,0.01093,0.03608,9.00E-04,0.00149,0.00073
vrl,0,10316,100770,Human herpesvirus 2,0.01452,0.01686,0.00124,0.00629,0.00477,0.02256,0.00399,0.05116,0.00368,0.02246,0.00306,0.01783,0.00666,0.02695,0.00297,0.03312,0.00549,0.07112,0.00455,0.05118,0.00484,0.0466,0.00479,0.03367,0.01185,0.00445,0.03409,0.00712,0.03219,0.00351,0.02011,0.00102,0.01722,0.00223,0.01784,0.00167,0.03025,0.00285,0.02438,0.00474,0.02338,0.00425,0.02365,0.00248,0.01941,0.00352,0.01268,0.00384,0.02148,0.00412,0.01522,0.00447,0.04543,0.00572,0.02668,0.00147,0.00418,0.00749,0.04421,0.00813,0.04034,0.00065,0.00081,0.00051
vrl,0,10317,46031,Cercopithecine herpesvirus 2,0.0053,0.02724,2.00E-04,0.00128,0.00113,0.03632,0.00067,0.05794,0.00078,0.01892,5.00E-04,0.01397,0.00196,0.03324,0.00048,0.03415,0.00224,0.08694,0.00178,0.06904,0.00222,0.05314,0.0015,0.03787,0.01121,0.00196,0.04317,0.00335,0.03144,0.00137,0.0146,0.00035,0.01821,0.00063,0.01514,0.00065,0.02379,5.00E-04,0.02329,0.00122,0.02331,0.00078,0.02229,0.00052,0.01655,0.00141,0.01558,0.00056,0.02179,0.00076,0.01104,0.00159,0.05457,0.00345,0.03222,0.00089,0.00328,0.00213,0.0516,0.00263,0.05147,0.00028,0.00065,0.001
vrl,0,10320,59680,Bovine herpesvirus 1,0.01409,0.01845,0.00089,0.00769,0.00523,0.02624,0.0054,0.05275,0.00421,0.0133,0.00154,0.01513,0.00506,0.01959,0.00429,0.03784,0.01149,0.07376,0.0099,0.08522,0.00556,0.03036,0.00524,0.03775,0.0103,0.00407,0.05253,0.00474,0.02495,0.00343,0.00801,0.00149,0.01696,0.00146,0.02061,0.00271,0.01391,0.00266,0.02272,0.00255,0.02344,0.00402,0.01813,0.00137,0.01644,0.00158,0.01729,0.00171,0.01743,0.00292,0.01121,0.00305,0.05427,0.00501,0.02746,0.00122,0.0024,0.00488,0.04611,0.00935,0.04467,0.00042,8.00E-04,0.00072
vrl,0,10326,136427,Equid herpesvirus 1,0.02283,0.01178,0.00584,0.01138,0.00822,0.01865,0.01323,0.03073,0.01056,0.0161,0.01255,0.02019,0.017,0.01399,0.01122,0.02651,0.01798,0.03814,0.0162,0.02747,0.00863,0.02739,0.01414,0.0208,0.01022,0.0099,0.01826,0.01544,0.02005,0.01473,0.01978,0.00962,0.01482,0.0066,0.02232,0.01288,0.02904,0.01422,0.01619,0.00809,0.02151,0.00922,0.02143,0.00861,0.02593,0.00743,0.01283,0.00531,0.01551,0.01412,0.01665,0.00556,0.02508,0.00666,0.01091,0.01067,0.00987,0.01597,0.03541,0.02056,0.03498,0.00119,0.00029,0.00057
vrl,0,10331,55662,Equid herpesvirus 4,0.02921,0.00656,0.01324,0.01638,0.01452,0.01231,0.0178,0.01692,0.01759,0.00927,0.01732,0.02134,0.0235,0.0062,0.01556,0.02091,0.02966,0.02524,0.02133,0.01868,0.00983,0.01784,0.02353,0.01191,0.0099,0.01218,0.0132,0.0182,0.01439,0.01971,0.01335,0.01448,0.01071,0.00898,0.01879,0.01955,0.02447,0.02373,0.01367,0.01301,0.0189,0.01637,0.01603,0.01355,0.02747,0.01006,0.00932,0.00819,0.01378,0.02061,0.01471,0.00755,0.01947,0.00773,0.0071,0.01155,0.00755,0.02037,0.03004,0.02693,0.02585,0.00135,2.00E-04,0.00036
vrl,0,10334,15119,Felid herpesvirus 1,0.02487,0.01303,0.0166,0.0123,0.01283,0.0174,0.01654,0.01085,0.01991,0.01938,0.0293,0.02275,0.01508,0.01038,0.01945,0.01468,0.01462,0.01826,0.01376,0.01283,0.01164,0.01753,0.025,0.01184,0.01111,0.0172,0.00688,0.0209,0.0164,0.01845,0.01442,0.01548,0.01138,0.01495,0.00873,0.0172,0.02037,0.02507,0.01157,0.02804,0.01151,0.01634,0.01032,0.02811,0.01601,0.01534,0.00536,0.01845,0.00972,0.02209,0.0131,0.01336,0.00972,0.01052,0.00952,0.01548,0.00807,0.03816,0.01746,0.0289,0.02097,0.00126,0.00046,0.00079
vrl,0,10340,808202,Human herpesvirus 3,0.03354,0.00663,0.02975,0.01722,0.01751,0.00735,0.01081,0.01261,0.02542,0.01058,0.01887,0.02068,0.02344,0.00923,0.01901,0.01686,0.01506,0.02182,0.02024,0.01882,0.01137,0.01809,0.01752,0.01482,0.01075,0.0143,0.00928,0.02294,0.01572,0.0148,0.01458,0.01291,0.01269,0.0097,0.0093,0.01188,0.01974,0.02341,0.01724,0.02066,0.01317,0.02122,0.01375,0.02146,0.01881,0.01443,0.00619,0.01552,0.01098,0.02414,0.01091,0.01452,0.01185,0.01185,0.01125,0.01001,0.00585,0.03168,0.02188,0.03155,0.0199,0.00126,0.00029,0.00034
vrl,0,10353,6670,Saimiriine herpesvirus 1,0.01514,0.02144,0.0087,0.0099,0.00615,0.02729,0.00795,0.03283,0.00645,0.01964,0.0072,0.02174,0.0084,0.02579,0.0087,0.03223,0.02039,0.04933,0.01154,0.04333,0.01364,0.02564,0.0093,0.02444,0.00885,0.01229,0.02684,0.01454,0.01649,0.01409,0.0078,0.00615,0.01649,0.00405,0.01694,0.01304,0.01529,0.00975,0.02144,0.0075,0.02744,0.01019,0.02489,0.0066,0.02684,0.00825,0.01049,0.00465,0.02024,0.0093,0.01334,0.0036,0.03298,0.00765,0.01139,0.0072,0.0051,0.0069,0.04018,0.01829,0.03403,0,9.00E-04,9.00E-04
vrl,0,103603,3431,Snakehead rhabdovirus,0.01486,0.01982,0.00845,0.01632,0.01778,0.02594,0.01545,0.02477,0.01807,0.03235,0.01049,0.02244,0.01137,0.01865,0.00816,0.01924,0.01108,0.0204,0.0239,0.00962,0.01166,0.01749,0.0137,0.00554,0.01312,0.00816,0.00583,0.02448,0.02332,0.01137,0.01749,0.01399,0.00612,0.0137,0.01341,0.01457,0.02273,0.01632,0.00729,0.01224,0.01457,0.01399,0.01894,0.01807,0.0172,0.00758,0.00787,0.00816,0.01457,0.03177,0.03468,0.00437,0.00262,0.01224,0.00408,0.0204,0.0172,0.02215,0.03119,0.03031,0.04459,0.00029,0.00029,0.00117
vrl,0,10366,65117,Murid herpesvirus 1,0.00983,0.02932,0.00685,0.01468,0.00585,0.02202,0.00926,0.02755,0.00588,0.03228,0.01067,0.02554,0.01219,0.03073,0.0127,0.03127,0.0104,0.02199,0.0061,0.02142,0.00851,0.01482,0.00858,0.02112,0.01519,0.01401,0.01803,0.01494,0.01009,0.0111,0.01559,0.01,0.02393,0.00924,0.01668,0.01282,0.024,0.01156,0.02761,0.01264,0.02485,0.00949,0.01675,0.01505,0.03018,0.015,0.01225,0.00574,0.01212,0.01844,0.02657,0.01087,0.01649,0.00702,0.00974,0.01046,0.00915,0.02024,0.03233,0.01898,0.02856,0.00109,6.00E-05,0.00157
vrl,0,10370,120733,Human herpesvirus 6,0.03191,0.0162,0.02215,0.01745,0.01143,0.01155,0.01343,0.01339,0.02413,0.02069,0.02077,0.02518,0.01821,0.01174,0.01281,0.01558,0.01395,0.01326,0.01228,0.00933,0.01306,0.00995,0.01152,0.01018,0.0076,0.01062,0.00904,0.01321,0.00757,0.02197,0.01708,0.01665,0.00972,0.01437,0.01255,0.01734,0.01501,0.0198,0.01291,0.01912,0.0137,0.0198,0.0156,0.03514,0.02734,0.01657,0.00929,0.0137,0.01194,0.04984,0.01773,0.00613,0.00555,0.0066,0.00463,0.01714,0.00924,0.03318,0.02081,0.04129,0.01799,0.00089,0.00048,0.00074
vrl,0,103722,2649,Grapevine fleck virus,0.00491,0.0419,0.00189,0.00264,0.01472,0.09626,0.00113,0.01019,0.00264,0.03209,0.00038,0.00566,0.0034,0.03549,0.00151,0.00378,0.01208,0.07097,0.00151,0.01133,0.02341,0.10155,0.01623,0.02152,0.01133,0.00491,0.02076,0.00227,0.0034,0.01472,0.0638,0.00982,0.00982,0.00227,0.00831,0.00831,0.05889,0.00302,0.00453,0.00113,0.02114,0.01019,0.0151,0.00227,0.01925,0.00151,0.01019,0.00793,0.02982,0.0034,0.01359,0.00906,0.04304,0.00302,0.00378,0.00151,0.00189,0.00378,0.02907,0.00906,0.01548,0,0.00113,0.00038
vrl,0,10373,1802,Macaca mulatta cytomegalovirus,0.00999,0.01498,0.00832,0.00999,0.01332,0.00666,0.00499,0.02941,0.01998,0.01942,0.01165,0.03163,0.01998,0.01165,0.01332,0.02719,0.02386,0.01831,0.02164,0.00388,0.01887,0.01998,0.01942,0.00111,0.00721,0.01776,0.00666,0.01221,0.01332,0.02164,0.01387,0.01665,0.00222,0.02053,0.01498,0.03385,0.03774,0.02553,0.00499,0.01554,0.00999,0.01443,0.02608,0.02109,0.01831,0.00943,0.00777,0.00999,0.01054,0.01942,0.0394,0.00499,0.00222,0.00333,0.00111,0.01387,0.01165,0.03496,0.02109,0.03108,0.04218,0.00111,0,0.00166
vrl,0,103782,1467,Pariacato virus,0.01909,0.01772,0.00682,0.01977,0.01022,0.01636,0.00886,0.01431,0.00886,0.01568,0.01295,0.02249,0.01227,0.01977,0.01431,0.03067,0.02113,0.02318,0.02658,0.02318,0.01636,0.01227,0.02249,0.0184,0.01159,0.02249,0.01909,0.01568,0.00954,0.0075,0.00545,0.01295,0.01159,0.01227,0.01091,0.02386,0.0184,0.01431,0.01704,0.01295,0.01772,0.01363,0.01636,0.0184,0.02795,0.00886,0.00682,0.0075,0.015,0.01977,0.03681,0.01431,0.01295,0.01159,0.01091,0.00682,0.01227,0.02795,0.01977,0.02318,0.02999,0.00136,0,0.00068
vrl,0,103881,4953,Potato yellow vein virus,0.02907,0.02625,0.02019,0.02948,0.01252,0.0103,0.00909,0.01615,0.02625,0.01757,0.02806,0.02483,0.0208,0.01393,0.01433,0.021,0.01292,0.00606,0.00949,0.00384,0.00888,0.00262,0.01333,0.00707,0.00444,0.01817,0.00464,0.01433,0.00909,0.0208,0.01009,0.02504,0.00868,0.02019,0.00747,0.01857,0.0107,0.01333,0.00424,0.02705,0.01736,0.01595,0.00848,0.0428,0.0218,0.01232,0.00586,0.00949,0.00565,0.04886,0.03291,0.00424,0.00323,0.00363,0.00222,0.02544,0.01454,0.04482,0.0212,0.03553,0.0208,4.00E-04,0.00061,0.00101
vrl,0,103898,1146,Avian erythroblastosis virus,0.01658,0.00785,0.00436,0.01658,0.02531,0.01483,0.00175,0.0349,0.02443,0.02618,0.00698,0.02792,0.02182,0.02094,0.00175,0.02443,0.02356,0.01396,0.02094,0.00175,0.02182,0.02007,0.02531,0,0.01222,0.01309,0.01571,0.02007,0.01745,0.01222,0.01745,0.00873,0.00262,0.01309,0.01222,0.01745,0.00873,0.02356,0,0.02356,0.01483,0.01047,0.02443,0.01658,0.02531,0.0096,0.0192,0.0096,0.0192,0.02094,0.03665,0.01047,0.01134,0.00698,0.00611,0.00698,0.0096,0.02443,0.02705,0.02443,0.04188,0,0.00087,0.00087
vrl,0,103901,29043,Barley mild mosaic virus,0.01904,0.03433,0.00472,0.00795,0.02269,0.03016,0.01233,0.01522,0.01828,0.02441,0.01312,0.02665,0.02417,0.01901,0.00441,0.01312,0.01742,0.02348,0.03102,0.00871,0.00937,0.01388,0.01377,0.00279,0.01398,0.01477,0.01546,0.01539,0.0093,0.01078,0.01904,0.00888,0.00637,0.00878,0.01739,0.01753,0.01828,0.02479,0.01353,0.00844,0.01894,0.01956,0.02097,0.01574,0.0324,0.00506,0.00974,0.00854,0.01715,0.02431,0.02362,0.01009,0.01942,0.00806,0.00503,0.00802,0.00754,0.02207,0.03223,0.03023,0.02786,0.00021,0.00045,3.00E-05
vrl,0,103908,2185,Echovirus 1,0.0238,0.02105,0.00732,0.01281,0.00915,0.01281,0.01556,0.01693,0.02105,0.01831,0.01327,0.03204,0.01053,0.01419,0.01693,0.03707,0.01602,0.02288,0.02059,0.00915,0.0087,0.01236,0.02288,0.0087,0.0151,0.01968,0.01693,0.01465,0.01693,0.01053,0.01327,0.01556,0.00366,0.00915,0.01648,0.01648,0.02197,0.02243,0.00641,0.01556,0.02563,0.02151,0.01876,0.02471,0.02838,0.01007,0.0119,0.00915,0.01556,0.02471,0.027,0.00275,0.00641,0.00229,0.00092,0.01648,0.01236,0.0238,0.02243,0.02334,0.03249,0.00046,0,0
vrl,0,103915,4398,Echovirus 9,0.02115,0.02228,0.00887,0.01683,0.01,0.01137,0.01683,0.01432,0.01978,0.02001,0.01501,0.0291,0.01501,0.0166,0.01046,0.03297,0.01683,0.0166,0.02638,0.0091,0.01069,0.01205,0.02228,0.00705,0.01455,0.01796,0.01614,0.01842,0.01592,0.00773,0.01432,0.01705,0.00455,0.01296,0.01319,0.01523,0.02115,0.01842,0.00841,0.01705,0.02319,0.02001,0.01842,0.02024,0.02819,0.01364,0.01114,0.01137,0.0141,0.02547,0.02865,0.00273,0.00682,0.00205,0.00205,0.01774,0.01364,0.0241,0.02456,0.02524,0.03161,0.00045,0,0
vrl,0,103919,14094,Feline leukemia virus,0.01213,0.01554,0.02618,0.00908,0.00887,0.01965,0.02441,0.0171,0.01525,0.01355,0.01391,0.01611,0.01086,0.01511,0.01554,0.01348,0.01135,0.03484,0.01284,0.00646,0.01902,0.03292,0.02043,0.00965,0.02299,0.0061,0.01022,0.03122,0.0232,0.01561,0.02072,0.00993,0.00532,0.00738,0.00887,0.01873,0.03306,0.01902,0.00667,0.01384,0.01731,0.03406,0.02526,0.01547,0.01958,0.01284,0.01093,0.00944,0.0122,0.02959,0.02065,0.0027,0.00468,0.01029,0.00859,0.01632,0.011,0.01831,0.02419,0.03051,0.01724,0.00035,0.00043,0.00092
vrl,0,10392,371665,Gallid herpesvirus 2,0.02425,0.01217,0.01923,0.01821,0.0148,0.0134,0.01232,0.01201,0.02303,0.01456,0.02266,0.02489,0.01652,0.01064,0.01743,0.01207,0.01893,0.01521,0.02246,0.01359,0.01782,0.02169,0.0175,0.01327,0.01146,0.01423,0.01176,0.01997,0.01388,0.02051,0.01529,0.01486,0.0134,0.01276,0.01006,0.01781,0.01382,0.01989,0.01358,0.02257,0.01014,0.01478,0.01339,0.02473,0.01458,0.01543,0.01178,0.01675,0.00914,0.02662,0.01238,0.01238,0.01121,0.01264,0.00969,0.0166,0.01123,0.0333,0.01542,0.0318,0.01799,0.00139,0.00071,0.00137
vrl,0,103920,6155,Guinea pig cytomegalovirus,0.01413,0.02973,0.0104,0.01706,0.00569,0.01868,0.00747,0.02762,0.0065,0.02453,0.02275,0.02843,0.00829,0.02729,0.01105,0.02908,0.00959,0.02486,0.00569,0.02648,0.00731,0.01511,0.00406,0.02372,0.00682,0.01251,0.01706,0.01186,0.01186,0.01154,0.01706,0.00406,0.01966,0.00796,0.01576,0.00796,0.02145,0.00504,0.02746,0.01543,0.02486,0.01024,0.01982,0.0143,0.02648,0.01072,0.01284,0.00617,0.01803,0.02161,0.02307,0.01121,0.01024,0.00877,0.01219,0.01706,0.01284,0.02307,0.03721,0.02746,0.03087,0.00065,0.00049,0.00081
vrl,0,103922,52644,Human enterovirus 71,0.02148,0.02046,0.01206,0.01795,0.01544,0.01451,0.0113,0.01316,0.0235,0.02019,0.01385,0.02304,0.01694,0.0155,0.0084,0.02918,0.02219,0.01985,0.02519,0.0091,0.01427,0.01347,0.02234,0.00642,0.01409,0.01829,0.01738,0.01569,0.01919,0.01235,0.01398,0.01637,0.00513,0.01573,0.0117,0.02093,0.02044,0.02063,0.00676,0.01799,0.02084,0.0205,0.01749,0.01974,0.02479,0.00921,0.0099,0.00773,0.01504,0.02342,0.02777,0.00346,0.00739,0.00365,0.00329,0.01465,0.01212,0.02823,0.02418,0.02266,0.02705,0.00034,0.00011,0
vrl,0,103926,3099,Peanut mottle virus,0.02485,0.0171,0.0142,0.01775,0.01742,0.00968,0.01355,0.01291,0.02485,0.01646,0.01678,0.0342,0.02485,0.01226,0.01355,0.02227,0.01581,0.01162,0.03066,0.01,0.00613,0.0029,0.02001,0.00323,0.01291,0.01839,0.00871,0.0213,0.01226,0.0071,0.00516,0.02194,0.00452,0.01646,0.01129,0.01484,0.00419,0.03356,0.00581,0.01839,0.01452,0.02291,0.0142,0.03001,0.01549,0.00807,0.00678,0.01807,0.01097,0.03614,0.03775,0.00516,0.00387,0.00549,0.00549,0.01904,0.01291,0.03485,0.0171,0.04259,0.0284,0,0.00032,0
vrl,0,103930,66850,Rhesus cytomegalovirus strain 68-1,0.02337,0.0182,0.01082,0.01832,0.012,0.0201,0.01034,0.02696,0.0197,0.02006,0.01101,0.02525,0.01539,0.01592,0.01192,0.02767,0.01672,0.02142,0.01249,0.01554,0.01436,0.0166,0.01191,0.01348,0.01478,0.01167,0.01481,0.01234,0.00942,0.0142,0.01481,0.01035,0.01272,0.01153,0.0158,0.01622,0.02224,0.01777,0.01566,0.01577,0.0193,0.01797,0.02094,0.01758,0.02356,0.01378,0.01288,0.01426,0.01847,0.02051,0.01521,0.01146,0.02001,0.01197,0.01041,0.00899,0.00702,0.02136,0.02328,0.02573,0.02235,0.00141,0.00084,0.00109
vrl,0,103931,40532,Soybean mosaic virus,0.02857,0.02122,0.01342,0.02529,0.01875,0.01128,0.00817,0.01039,0.02401,0.01162,0.01618,0.03148,0.02855,0.00896,0.0097,0.02282,0.01641,0.00622,0.03131,0.00612,0.00898,0.00276,0.01924,0.00363,0.01424,0.0147,0.01095,0.02183,0.01251,0.01342,0.00715,0.01554,0.00358,0.01411,0.01219,0.01389,0.00693,0.03247,0.00419,0.02048,0.0135,0.02549,0.01858,0.02911,0.01791,0.01083,0.00575,0.01441,0.01224,0.03385,0.04086,0.0059,0.00528,0.00484,0.00257,0.01781,0.01512,0.03415,0.01623,0.03605,0.03592,0.00037,0,0
